HeaderLine,ResultLine
"== Offloading threshold sweep (M=4, N=4, row-major, blocked-CPU) ==","[K= 1] CPU:       141 cyc | ACC(OS):      1908 cyc | speedup=  0.07x "
"== Offloading threshold sweep (M=4, N=4, row-major, blocked-CPU) ==","[K= 2] CPU:        92 cyc | ACC(OS):      1902 cyc | speedup=  0.04x "
"== Offloading threshold sweep (M=4, N=4, row-major, blocked-CPU) ==","[K= 3] CPU:       140 cyc | ACC(OS):      1900 cyc | speedup=  0.07x "
"== Offloading threshold sweep (M=4, N=4, row-major, blocked-CPU) ==","[K= 4] CPU:        90 cyc | ACC(OS):      1902 cyc | speedup=  0.04x "
"== Offloading threshold sweep (M=4, N=4, row-major, blocked-CPU) ==","[K= 5] CPU:      1135 cyc | ACC(OS):      1995 cyc | speedup=  0.56x "
"== Offloading threshold sweep (M=4, N=4, row-major, blocked-CPU) ==","[K= 6] CPU:      1129 cyc | ACC(OS):      1948 cyc | speedup=  0.57x "
"== Offloading threshold sweep (M=4, N=4, row-major, blocked-CPU) ==","[K= 7] CPU:      1216 cyc | ACC(OS):      1951 cyc | speedup=  0.62x "
"== Offloading threshold sweep (M=4, N=4, row-major, blocked-CPU) ==","[K= 8] CPU:      1464 cyc | ACC(OS):      1936 cyc | speedup=  0.75x "
"== Offloading threshold sweep (M=6, N=6, row-major, blocked-CPU) ==","[K= 1] CPU:      1413 cyc | ACC(OS):      1985 cyc | speedup=  0.71x "
"== Offloading threshold sweep (M=6, N=6, row-major, blocked-CPU) ==","[K= 2] CPU:       859 cyc | ACC(OS):      1944 cyc | speedup=  0.44x "
"== Offloading threshold sweep (M=6, N=6, row-major, blocked-CPU) ==","[K= 3] CPU:       730 cyc | ACC(OS):      1981 cyc | speedup=  0.36x "
"== Offloading threshold sweep (M=6, N=6, row-major, blocked-CPU) ==","[K= 4] CPU:       967 cyc | ACC(OS):      1951 cyc | speedup=  0.49x "
"== Offloading threshold sweep (M=6, N=6, row-major, blocked-CPU) ==","[K= 5] CPU:      1141 cyc | ACC(OS):      1968 cyc | speedup=  0.57x "
"== Offloading threshold sweep (M=6, N=6, row-major, blocked-CPU) ==","[K= 6] CPU:      1560 cyc | ACC(OS):      1972 cyc | speedup=  0.79x "
"== Offloading threshold sweep (M=6, N=6, row-major, blocked-CPU) ==","[K= 7] CPU:      1772 cyc | ACC(OS):      1890 cyc | speedup=  0.93x "
"== Offloading threshold sweep (M=6, N=6, row-major, blocked-CPU) ==","[K= 8] CPU:      2122 cyc | ACC(OS):      1887 cyc | speedup=  1.12x <- OFFLOAD"
"== Offloading threshold sweep (M=8, N=8, row-major, blocked-CPU) ==","[K= 1] CPU:       883 cyc | ACC(OS):      1941 cyc | speedup=  0.45x "
"== Offloading threshold sweep (M=8, N=8, row-major, blocked-CPU) ==","[K= 2] CPU:      1099 cyc | ACC(OS):      1957 cyc | speedup=  0.56x "
"== Offloading threshold sweep (M=8, N=8, row-major, blocked-CPU) ==","[K= 3] CPU:      1441 cyc | ACC(OS):      1936 cyc | speedup=  0.74x "
"== Offloading threshold sweep (M=8, N=8, row-major, blocked-CPU) ==","[K= 4] CPU:      1471 cyc | ACC(OS):      1960 cyc | speedup=  0.75x "
"== Offloading threshold sweep (M=8, N=8, row-major, blocked-CPU) ==","[K= 5] CPU:      2427 cyc | ACC(OS):      1883 cyc | speedup=  1.28x <- OFFLOAD"
"== Offloading threshold sweep (M=8, N=8, row-major, blocked-CPU) ==","[K= 6] CPU:      2771 cyc | ACC(OS):      1890 cyc | speedup=  1.46x <- OFFLOAD"
"== Offloading threshold sweep (M=8, N=8, row-major, blocked-CPU) ==","[K= 7] CPU:      3081 cyc | ACC(OS):      1888 cyc | speedup=  1.63x <- OFFLOAD"
"== Offloading threshold sweep (M=8, N=8, row-major, blocked-CPU) ==","[K= 8] CPU:      3617 cyc | ACC(OS):      1919 cyc | speedup=  1.88x <- OFFLOAD"
"== Offloading threshold sweep (M=10, N=10, row-major, blocked-CPU) ==","[K= 1] CPU:      2476 cyc | ACC(OS):      1937 cyc | speedup=  1.27x <- OFFLOAD"
"== Offloading threshold sweep (M=10, N=10, row-major, blocked-CPU) ==","[K= 2] CPU:      3526 cyc | ACC(OS):      1985 cyc | speedup=  1.77x <- OFFLOAD"
"== Offloading threshold sweep (M=10, N=10, row-major, blocked-CPU) ==","[K= 3] CPU:      3400 cyc | ACC(OS):      1985 cyc | speedup=  1.71x <- OFFLOAD"
"== Offloading threshold sweep (M=10, N=10, row-major, blocked-CPU) ==","[K= 4] CPU:      4555 cyc | ACC(OS):      1985 cyc | speedup=  2.29x <- OFFLOAD"
"== Offloading threshold sweep (M=10, N=10, row-major, blocked-CPU) ==","[K= 5] CPU:      6190 cyc | ACC(OS):      1906 cyc | speedup=  3.24x <- OFFLOAD"
"== Offloading threshold sweep (M=10, N=10, row-major, blocked-CPU) ==","[K= 6] CPU:      5267 cyc | ACC(OS):      1935 cyc | speedup=  2.72x <- OFFLOAD"
"== Offloading threshold sweep (M=10, N=10, row-major, blocked-CPU) ==","[K= 7] CPU:      6987 cyc | ACC(OS):      1960 cyc | speedup=  3.56x <- OFFLOAD"
"== Offloading threshold sweep (M=10, N=10, row-major, blocked-CPU) ==","[K= 8] CPU:      6998 cyc | ACC(OS):      2015 cyc | speedup=  3.47x <- OFFLOAD"
"== Offloading threshold sweep (M=12, N=12, row-major, blocked-CPU) ==","[K= 1] CPU:      2560 cyc | ACC(OS):      1932 cyc | speedup=  1.32x <- OFFLOAD"
"== Offloading threshold sweep (M=12, N=12, row-major, blocked-CPU) ==","[K= 2] CPU:      4046 cyc | ACC(OS):      1967 cyc | speedup=  2.05x <- OFFLOAD"
"== Offloading threshold sweep (M=12, N=12, row-major, blocked-CPU) ==","[K= 3] CPU:      4172 cyc | ACC(OS):      2016 cyc | speedup=  2.06x <- OFFLOAD"
"== Offloading threshold sweep (M=12, N=12, row-major, blocked-CPU) ==","[K= 4] CPU:      4858 cyc | ACC(OS):      1943 cyc | speedup=  2.50x <- OFFLOAD"
"== Offloading threshold sweep (M=12, N=12, row-major, blocked-CPU) ==","[K= 5] CPU:      6462 cyc | ACC(OS):      1973 cyc | speedup=  3.27x <- OFFLOAD"
"== Offloading threshold sweep (M=12, N=12, row-major, blocked-CPU) ==","[K= 6] CPU:      6105 cyc | ACC(OS):      1918 cyc | speedup=  3.18x <- OFFLOAD"
"== Offloading threshold sweep (M=12, N=12, row-major, blocked-CPU) ==","[K= 7] CPU:      7421 cyc | ACC(OS):      1970 cyc | speedup=  3.76x <- OFFLOAD"
"== Offloading threshold sweep (M=12, N=12, row-major, blocked-CPU) ==","[K= 8] CPU:      8038 cyc | ACC(OS):      1928 cyc | speedup=  4.16x <- OFFLOAD"
"== Offloading threshold sweep (M=4, N=8, row-major, blocked-CPU) ==","[K= 1] CPU:       573 cyc | ACC(OS):      1931 cyc | speedup=  0.29x "
"== Offloading threshold sweep (M=4, N=8, row-major, blocked-CPU) ==","[K= 2] CPU:       516 cyc | ACC(OS):      1880 cyc | speedup=  0.27x "
"== Offloading threshold sweep (M=4, N=8, row-major, blocked-CPU) ==","[K= 3] CPU:      1017 cyc | ACC(OS):      1946 cyc | speedup=  0.52x "
"== Offloading threshold sweep (M=4, N=8, row-major, blocked-CPU) ==","[K= 4] CPU:      1180 cyc | ACC(OS):      1947 cyc | speedup=  0.60x "
"== Offloading threshold sweep (M=4, N=8, row-major, blocked-CPU) ==","[K= 5] CPU:      1513 cyc | ACC(OS):      1953 cyc | speedup=  0.77x "
"== Offloading threshold sweep (M=4, N=8, row-major, blocked-CPU) ==","[K= 6] CPU:      1768 cyc | ACC(OS):      1936 cyc | speedup=  0.91x "
"== Offloading threshold sweep (M=4, N=8, row-major, blocked-CPU) ==","[K= 7] CPU:      1997 cyc | ACC(OS):      1887 cyc | speedup=  1.05x <- OFFLOAD"
"== Offloading threshold sweep (M=4, N=8, row-major, blocked-CPU) ==","[K= 8] CPU:      2248 cyc | ACC(OS):      1880 cyc | speedup=  1.19x <- OFFLOAD"
"== Offloading threshold sweep (M=4, N=12, row-major, blocked-CPU) ==","[K= 1] CPU:      1102 cyc | ACC(OS):      1952 cyc | speedup=  0.56x "
"== Offloading threshold sweep (M=4, N=12, row-major, blocked-CPU) ==","[K= 2] CPU:      2007 cyc | ACC(OS):      1917 cyc | speedup=  1.04x <- OFFLOAD"
"== Offloading threshold sweep (M=4, N=12, row-major, blocked-CPU) ==","[K= 3] CPU:      1629 cyc | ACC(OS):      1974 cyc | speedup=  0.82x "
"== Offloading threshold sweep (M=4, N=12, row-major, blocked-CPU) ==","[K= 4] CPU:      1910 cyc | ACC(OS):      1889 cyc | speedup=  1.01x <- OFFLOAD"
"== Offloading threshold sweep (M=4, N=12, row-major, blocked-CPU) ==","[K= 5] CPU:      3011 cyc | ACC(OS):      1904 cyc | speedup=  1.58x <- OFFLOAD"
"== Offloading threshold sweep (M=4, N=12, row-major, blocked-CPU) ==","[K= 6] CPU:      2792 cyc | ACC(OS):      1886 cyc | speedup=  1.48x <- OFFLOAD"
"== Offloading threshold sweep (M=4, N=12, row-major, blocked-CPU) ==","[K= 7] CPU:      3107 cyc | ACC(OS):      1910 cyc | speedup=  1.62x <- OFFLOAD"
"== Offloading threshold sweep (M=4, N=12, row-major, blocked-CPU) ==","[K= 8] CPU:      2898 cyc | ACC(OS):      1888 cyc | speedup=  1.53x <- OFFLOAD"
"== Offloading threshold sweep (M=6, N=10, row-major, blocked-CPU) ==","[K= 1] CPU:      1684 cyc | ACC(OS):      1926 cyc | speedup=  0.87x "
"== Offloading threshold sweep (M=6, N=10, row-major, blocked-CPU) ==","[K= 2] CPU:      1913 cyc | ACC(OS):      1896 cyc | speedup=  1.00x <- OFFLOAD"
"== Offloading threshold sweep (M=6, N=10, row-major, blocked-CPU) ==","[K= 3] CPU:      2106 cyc | ACC(OS):      1892 cyc | speedup=  1.11x <- OFFLOAD"
"== Offloading threshold sweep (M=6, N=10, row-major, blocked-CPU) ==","[K= 4] CPU:      2515 cyc | ACC(OS):      1908 cyc | speedup=  1.31x <- OFFLOAD"
"== Offloading threshold sweep (M=6, N=10, row-major, blocked-CPU) ==","[K= 5] CPU:      3613 cyc | ACC(OS):      1940 cyc | speedup=  1.86x <- OFFLOAD"
"== Offloading threshold sweep (M=6, N=10, row-major, blocked-CPU) ==","[K= 6] CPU:      2849 cyc | ACC(OS):      1902 cyc | speedup=  1.49x <- OFFLOAD"
"== Offloading threshold sweep (M=6, N=10, row-major, blocked-CPU) ==","[K= 7] CPU:      4113 cyc | ACC(OS):      1940 cyc | speedup=  2.12x <- OFFLOAD"
"== Offloading threshold sweep (M=6, N=10, row-major, blocked-CPU) ==","[K= 8] CPU:      3537 cyc | ACC(OS):      1961 cyc | speedup=  1.80x <- OFFLOAD"
"== Offloading threshold sweep (M=8, N=12, row-major, blocked-CPU) ==","[K= 1] CPU:      2545 cyc | ACC(OS):      1926 cyc | speedup=  1.32x <- OFFLOAD"
"== Offloading threshold sweep (M=8, N=12, row-major, blocked-CPU) ==","[K= 2] CPU:      2935 cyc | ACC(OS):      1923 cyc | speedup=  1.52x <- OFFLOAD"
"== Offloading threshold sweep (M=8, N=12, row-major, blocked-CPU) ==","[K= 3] CPU:      2721 cyc | ACC(OS):      1921 cyc | speedup=  1.41x <- OFFLOAD"
"== Offloading threshold sweep (M=8, N=12, row-major, blocked-CPU) ==","[K= 4] CPU:      3232 cyc | ACC(OS):      1922 cyc | speedup=  1.68x <- OFFLOAD"
"== Offloading threshold sweep (M=8, N=12, row-major, blocked-CPU) ==","[K= 5] CPU:      4625 cyc | ACC(OS):      1908 cyc | speedup=  2.42x <- OFFLOAD"
"== Offloading threshold sweep (M=8, N=12, row-major, blocked-CPU) ==","[K= 6] CPU:      4274 cyc | ACC(OS):      1991 cyc | speedup=  2.14x <- OFFLOAD"
"== Offloading threshold sweep (M=8, N=12, row-major, blocked-CPU) ==","[K= 7] CPU:      5228 cyc | ACC(OS):      1922 cyc | speedup=  2.72x <- OFFLOAD"
"== Offloading threshold sweep (M=8, N=12, row-major, blocked-CPU) ==","[K= 8] CPU:      4972 cyc | ACC(OS):      1926 cyc | speedup=  2.58x <- OFFLOAD"
"== Offloading threshold sweep (M=8, N=4, row-major, blocked-CPU) ==","[K= 1] CPU:       613 cyc | ACC(OS):      1909 cyc | speedup=  0.32x "
"== Offloading threshold sweep (M=8, N=4, row-major, blocked-CPU) ==","[K= 2] CPU:       621 cyc | ACC(OS):      1882 cyc | speedup=  0.32x "
"== Offloading threshold sweep (M=8, N=4, row-major, blocked-CPU) ==","[K= 3] CPU:       893 cyc | ACC(OS):      1955 cyc | speedup=  0.45x "
"== Offloading threshold sweep (M=8, N=4, row-major, blocked-CPU) ==","[K= 4] CPU:       793 cyc | ACC(OS):      1944 cyc | speedup=  0.40x "
"== Offloading threshold sweep (M=8, N=4, row-major, blocked-CPU) ==","[K= 5] CPU:       990 cyc | ACC(OS):      1931 cyc | speedup=  0.51x "
"== Offloading threshold sweep (M=8, N=4, row-major, blocked-CPU) ==","[K= 6] CPU:      1176 cyc | ACC(OS):      1948 cyc | speedup=  0.60x "
"== Offloading threshold sweep (M=8, N=4, row-major, blocked-CPU) ==","[K= 7] CPU:      1200 cyc | ACC(OS):      1989 cyc | speedup=  0.60x "
"== Offloading threshold sweep (M=8, N=4, row-major, blocked-CPU) ==","[K= 8] CPU:      1727 cyc | ACC(OS):      1882 cyc | speedup=  0.91x "
"== Offloading threshold sweep (M=12, N=4, row-major, blocked-CPU) ==","[K= 1] CPU:       968 cyc | ACC(OS):      1962 cyc | speedup=  0.49x "
"== Offloading threshold sweep (M=12, N=4, row-major, blocked-CPU) ==","[K= 2] CPU:      1151 cyc | ACC(OS):      1951 cyc | speedup=  0.58x "
"== Offloading threshold sweep (M=12, N=4, row-major, blocked-CPU) ==","[K= 3] CPU:      1158 cyc | ACC(OS):      1947 cyc | speedup=  0.59x "
"== Offloading threshold sweep (M=12, N=4, row-major, blocked-CPU) ==","[K= 4] CPU:      1267 cyc | ACC(OS):      1963 cyc | speedup=  0.64x "
"== Offloading threshold sweep (M=12, N=4, row-major, blocked-CPU) ==","[K= 5] CPU:      1463 cyc | ACC(OS):      1894 cyc | speedup=  0.77x "
"== Offloading threshold sweep (M=12, N=4, row-major, blocked-CPU) ==","[K= 6] CPU:      1487 cyc | ACC(OS):      1909 cyc | speedup=  0.77x "
"== Offloading threshold sweep (M=12, N=4, row-major, blocked-CPU) ==","[K= 7] CPU:      1563 cyc | ACC(OS):      1926 cyc | speedup=  0.81x "
"== Offloading threshold sweep (M=12, N=4, row-major, blocked-CPU) ==","[K= 8] CPU:      2588 cyc | ACC(OS):      1889 cyc | speedup=  1.37x <- OFFLOAD"
"== Offloading threshold sweep (M=10, N=6, row-major, blocked-CPU) ==","[K= 1] CPU:      1021 cyc | ACC(OS):      1951 cyc | speedup=  0.52x "
"== Offloading threshold sweep (M=10, N=6, row-major, blocked-CPU) ==","[K= 2] CPU:      1231 cyc | ACC(OS):      1963 cyc | speedup=  0.62x "
"== Offloading threshold sweep (M=10, N=6, row-major, blocked-CPU) ==","[K= 3] CPU:      1148 cyc | ACC(OS):      1957 cyc | speedup=  0.58x "
"== Offloading threshold sweep (M=10, N=6, row-major, blocked-CPU) ==","[K= 4] CPU:      1400 cyc | ACC(OS):      1905 cyc | speedup=  0.73x "
"== Offloading threshold sweep (M=10, N=6, row-major, blocked-CPU) ==","[K= 5] CPU:      1649 cyc | ACC(OS):      1899 cyc | speedup=  0.86x "
"== Offloading threshold sweep (M=10, N=6, row-major, blocked-CPU) ==","[K= 6] CPU:      2526 cyc | ACC(OS):      1911 cyc | speedup=  1.32x <- OFFLOAD"
"== Offloading threshold sweep (M=10, N=6, row-major, blocked-CPU) ==","[K= 7] CPU:      2830 cyc | ACC(OS):      1914 cyc | speedup=  1.47x <- OFFLOAD"
"== Offloading threshold sweep (M=10, N=6, row-major, blocked-CPU) ==","[K= 8] CPU:      3225 cyc | ACC(OS):      1932 cyc | speedup=  1.66x <- OFFLOAD"
"== Offloading threshold sweep (M=12, N=8, row-major, blocked-CPU) ==","[K= 1] CPU:      1468 cyc | ACC(OS):      1973 cyc | speedup=  0.74x "
"== Offloading threshold sweep (M=12, N=8, row-major, blocked-CPU) ==","[K= 2] CPU:      1735 cyc | ACC(OS):      1912 cyc | speedup=  0.90x "
"== Offloading threshold sweep (M=12, N=8, row-major, blocked-CPU) ==","[K= 3] CPU:      1695 cyc | ACC(OS):      1899 cyc | speedup=  0.89x "
"== Offloading threshold sweep (M=12, N=8, row-major, blocked-CPU) ==","[K= 4] CPU:      1826 cyc | ACC(OS):      1906 cyc | speedup=  0.95x "
"== Offloading threshold sweep (M=12, N=8, row-major, blocked-CPU) ==","[K= 5] CPU:      3349 cyc | ACC(OS):      1973 cyc | speedup=  1.69x <- OFFLOAD"
"== Offloading threshold sweep (M=12, N=8, row-major, blocked-CPU) ==","[K= 6] CPU:      4033 cyc | ACC(OS):      1937 cyc | speedup=  2.08x <- OFFLOAD"
"== Offloading threshold sweep (M=12, N=8, row-major, blocked-CPU) ==","[K= 7] CPU:      4192 cyc | ACC(OS):      1953 cyc | speedup=  2.14x <- OFFLOAD"
"== Offloading threshold sweep (M=12, N=8, row-major, blocked-CPU) ==","[K= 8] CPU:      4713 cyc | ACC(OS):      1907 cyc | speedup=  2.47x <- OFFLOAD"
