DF,M,N,K,cycles,MACper100,sumC
WS,8,8,16,290,353,-632
WS,8,8,64,408,1003,-32
WS,8,8,256,865,1894,223
WS,8,8,512,1474,2223,-287
WS,8,16,16,306,669,446
WS,8,16,64,465,1761,1403
WS,8,16,256,882,3715,-1594
WS,8,16,512,1534,4272,1466
WS,8,24,16,388,791,-2136
WS,8,24,64,611,2011,-2136
WS,8,24,256,1491,3296,-2136
WS,8,24,512,2641,3722,-861
WS,8,32,16,384,1066,1428
WS,8,32,64,598,2739,-1765
WS,8,32,256,1441,4547,-1913
WS,8,32,512,2571,5098,-383
WS,8,64,16,543,1508,-2041
WS,8,64,64,948,3456,1019
WS,8,64,256,2561,5118,1926
WS,8,64,512,4717,5557,2294
WS,8,128,16,816,2007,1350
WS,8,128,64,1606,4080,-3063
WS,8,128,256,4747,5522,5467
WS,8,128,512,8951,5857,4333
WS,8,256,16,1324,2474,-2183
WS,8,256,64,2894,4529,5881
WS,8,256,256,9131,5741,11758
WS,8,256,512,16382,6400,3251
WS,16,8,16,336,609,-1939
WS,16,8,64,477,1717,-574
WS,16,8,256,1043,3141,191
WS,16,8,512,1806,3628,701
WS,16,16,16,366,1119,1808
WS,16,16,64,507,3231,5674
WS,16,16,256,1073,6107,-3443
WS,16,16,512,1837,7135,1147
WS,16,24,16,480,1280,-3597
WS,16,24,64,727,3380,-4017
WS,16,24,256,1697,5792,-2742
WS,16,24,512,2992,6571,1593
WS,16,32,16,489,1675,1944
WS,16,32,64,727,4507,147
WS,16,32,256,1664,7876,-766
WS,16,32,512,2935,8931,1888
WS,16,64,16,739,2217,-494
WS,16,64,64,1168,5610,-813
WS,16,64,256,2878,9108,5240
WS,16,64,512,5174,10133,-257
WS,16,128,16,1236,2651,-2023
WS,16,128,64,2049,6396,-761
WS,16,128,256,5295,9901,6313
WS,16,128,512,9653,10862,1123
WS,16,256,16,2230,2938,-9321
WS,16,256,64,3811,6878,6811
WS,16,256,256,10135,10346,1533
WS,16,256,512,17231,12170,1465
WS,24,8,16,369,832,-696
WS,24,8,64,562,2186,414
WS,24,8,256,1359,3616,-861
WS,24,8,512,2421,4060,1179
WS,24,16,16,416,1476,-551
WS,24,16,64,610,4028,5196
WS,24,16,256,1405,6996,-3762
WS,24,16,512,2469,7963,1338
WS,24,24,16,586,1572,-5397
WS,24,24,64,936,3938,-3480
WS,24,24,256,2334,6317,-1818
WS,24,24,512,4096,7200,987
WS,24,32,16,604,2034,2326
WS,24,32,64,938,5240,2059
WS,24,32,256,2350,8366,-129
WS,24,32,512,4238,9278,1076
WS,24,64,16,978,2512,-2739
WS,24,64,64,1600,6144,-1324
WS,24,64,256,4165,9440,2060
WS,24,64,512,7591,10360,-1348
WS,24,128,16,1655,2969,-7551
WS,24,128,64,2867,6857,-1131
WS,24,128,256,7739,10161,9351
WS,24,128,512,14259,11030,3644
WS,24,256,16,3034,3240,3605
WS,24,256,64,5398,7284,6578
WS,24,256,256,14895,10559,-4208
WS,24,256,512,25232,12467,-324
WS,32,8,16,405,1011,-157
WS,32,8,64,632,2592,127
WS,32,8,256,1552,4222,-1403
WS,32,8,512,2777,4719,-128
WS,32,16,16,466,1757,-360
WS,32,16,64,697,4701,6152
WS,32,16,256,1617,8105,-4846
WS,32,16,512,2847,9207,1019
WS,32,24,16,677,1815,-6258
WS,32,24,64,1039,4730,-2819
WS,32,24,256,2512,7826,-384
WS,32,24,512,4439,8858,2676
WS,32,32,16,706,2320,2379
WS,32,32,64,1069,6130,4226
WS,32,32,256,2593,10109,-3317
WS,32,32,512,4619,11350,438
WS,32,64,16,1176,2786,-5372
WS,32,64,64,1825,7182,-2512
WS,32,64,256,4509,11627,3079
WS,32,64,512,8069,12995,-839
WS,32,128,16,2087,3140,-11775
WS,32,128,64,3332,7867,6579
WS,32,128,256,8319,12604,12919
WS,32,128,512,14930,14046,-3498
WS,32,256,16,3989,3285,-3880
WS,32,256,64,6344,8264,4918
WS,32,256,256,15997,13109,1039
WS,32,256,512,26067,16090,-3535
WS,64,8,16,585,1400,2010
WS,64,8,64,975,3360,-511
WS,64,8,256,2658,4931,-5101
WS,64,8,512,4870,5382,-1531
WS,64,16,16,712,2301,4627
WS,64,16,64,1100,5957,1301
WS,64,16,256,2784,9416,-6818
WS,64,16,512,4998,10489,-2042
WS,64,24,16,1088,2258,-8351
WS,64,24,64,1714,5735,-4846
WS,64,24,256,4223,9311,-1800
WS,64,24,512,7608,10336,6372
WS,64,32,16,1168,2805,713
WS,64,32,64,1786,7338,6866
WS,64,32,256,4465,11742,-5306
WS,64,32,512,7994,13117,4790
WS,64,64,16,2074,3159,-6506
WS,64,64,64,3172,8264,-4371
WS,64,64,256,7774,13488,6900
WS,64,64,512,14008,14971,27
WS,64,128,16,3823,3428,-23225
WS,64,128,64,5929,8842,9189
WS,64,128,256,14347,14617,19342
WS,64,128,512,25474,16465,-10593
WS,64,256,16,6776,3868,-25555
WS,64,256,64,10056,10427,-1153
WS,64,256,256,24763,16937,-16963
WS,64,256,512,44162,18995,-24842
WS,128,8,16,948,1728,3256
WS,128,8,64,1716,3819,-5357
WS,128,8,256,4866,5387,-4292
WS,128,8,512,9087,5769,2946
WS,128,16,16,1205,2719,9251
WS,128,16,64,1972,6646,4513
WS,128,16,256,5123,10234,-10900
WS,128,16,512,9346,11219,-875
WS,128,24,16,1905,2580,-11231
WS,128,24,64,3087,6368,-5820
WS,128,24,256,7797,10086,6054
WS,128,24,512,14131,11130,3564
WS,128,32,16,2087,3140,8802
WS,128,32,64,3236,8100,14570
WS,128,32,256,8204,12781,-7309
WS,128,32,512,14582,14381,1979
WS,128,64,16,3871,3385,2198
WS,128,64,64,5865,8939,-7436
WS,128,64,256,14327,14637,16143
WS,128,64,512,25485,16457,-3854
WS,128,128,16,7123,3680,-39398
WS,128,128,64,10112,10369,-3971
WS,128,128,256,22493,18647,29320
WS,128,128,512,41180,20370,-15350
WS,128,256,16,13033,4022,-31390
WS,128,256,64,16766,12508,13326
WS,128,256,256,40203,20865,-39864
WS,128,256,512,75960,22086,-28335
OS,8,8,16,531,192,-632
OS,8,8,64,666,615,-32
OS,8,8,256,1128,1452,223
OS,8,8,512,1723,1901,-287
OS,8,16,16,535,382,446
OS,8,16,64,663,1235,1403
OS,8,16,256,1130,2899,-1594
OS,8,16,512,1719,3812,1466
OS,8,24,16,628,489,-2136
OS,8,24,64,785,1565,-2136
OS,8,24,256,1810,2715,-2136
OS,8,24,512,3357,2928,-861
OS,8,32,16,611,670,1428
OS,8,32,64,788,2079,-1765
OS,8,32,256,1559,4203,-1913
OS,8,32,512,2859,4584,-383
OS,8,64,16,777,1054,-2041
OS,8,64,64,1081,3031,1019
OS,8,64,256,2923,4484,1926
OS,8,64,512,5414,4841,2294
OS,8,128,16,1123,1458,1350
OS,8,128,64,1813,3614,-3063
OS,8,128,256,5638,4649,5467
OS,8,128,512,10538,4975,4333
OS,8,256,16,1820,1800,-2183
OS,8,256,64,3584,3657,5881
OS,8,256,256,11077,4733,11758
OS,8,256,512,20765,5049,3251
OS,16,8,16,545,375,-1939
OS,16,8,64,671,1220,-574
OS,16,8,256,1196,2739,191
OS,16,8,512,2003,3271,701
OS,16,16,16,547,748,1808
OS,16,16,64,681,2405,5674
OS,16,16,256,1206,5434,-3443
OS,16,16,512,2008,6527,1147
OS,16,24,16,630,975,-3597
OS,16,24,64,824,2982,-4017
OS,16,24,256,1975,4977,-2742
OS,16,24,512,3682,5339,1593
OS,16,32,16,629,1302,1944
OS,16,32,64,799,4101,147
OS,16,32,256,1753,7477,-766
OS,16,32,512,3202,8186,1888
OS,16,64,16,818,2002,-494
OS,16,64,64,1175,5577,-813
OS,16,64,256,3230,8115,5240
OS,16,64,512,5861,8945,-257
OS,16,128,16,1303,2514,-2023
OS,16,128,64,2182,6006,-761
OS,16,128,256,6122,8563,6313
OS,16,128,512,11143,9410,868
OS,16,256,16,2276,2879,-9321
OS,16,256,64,4345,6033,6811
OS,16,256,256,11955,8771,1533
OS,16,256,512,21792,9623,1210
OS,24,8,16,701,438,-696
OS,24,8,64,880,1396,414
OS,24,8,256,1651,2977,-861
OS,24,8,512,2996,3281,1179
OS,24,16,16,697,881,-551
OS,24,16,64,877,2802,5196
OS,24,16,256,1655,5939,-3762
OS,24,16,512,2996,6562,1338
OS,24,24,16,898,1026,-5397
OS,24,24,64,1215,3034,-3480
OS,24,24,256,2984,4941,-1818
OS,24,24,512,5482,5379,987
OS,24,32,16,889,1382,2326
OS,24,32,64,1215,4045,2059
OS,24,32,256,2769,7100,-129
OS,24,32,512,5002,7861,1076
OS,24,64,16,1237,1986,-2739
OS,24,64,64,1807,5440,-1324
OS,24,64,256,5102,7707,2060
OS,24,64,512,9211,8537,-1348
OS,24,128,16,1956,2512,-7551
OS,24,128,64,3524,5579,-1131
OS,24,128,256,9700,8107,9351
OS,24,128,512,17525,8974,3389
OS,24,256,16,3913,2512,3605
OS,24,256,64,6949,5658,6578
OS,24,256,256,18973,8290,-4208
OS,24,256,512,34347,9158,-579
OS,32,8,16,717,571,-157
OS,32,8,64,905,1810,127
OS,32,8,256,1793,3655,-1403
OS,32,8,512,3267,4011,-128
OS,32,16,16,721,1136,-360
OS,32,16,64,899,3644,6152
OS,32,16,256,1805,7261,-4846
OS,32,16,512,3285,7980,1019
OS,32,24,16,943,1303,-6258
OS,32,24,64,1265,3885,-2819
OS,32,24,256,3192,6159,-384
OS,32,24,512,5820,6756,2676
OS,32,32,16,931,1759,2379
OS,32,32,64,1253,5230,4226
OS,32,32,256,2988,8773,-3317
OS,32,32,512,5365,9772,438
OS,32,64,16,1313,2495,-5372
OS,32,64,64,2030,6456,-2512
OS,32,64,256,5417,9678,3079
OS,32,64,512,9646,10870,-839
OS,32,128,16,2166,3025,-11775
OS,32,128,64,3947,6641,6579
OS,32,128,256,10183,10297,12919
OS,32,128,512,18188,11530,-3753
OS,32,256,16,4518,2901,-3880
OS,32,256,64,7777,6741,4918
OS,32,256,256,19810,10586,1039
OS,32,256,512,35346,11866,-3790
OS,64,8,16,1049,780,2010
OS,64,8,64,1375,2383,-511
OS,64,8,256,3252,4030,-5101
OS,64,8,512,5913,4433,-1531
OS,64,16,16,1050,1560,4627
OS,64,16,64,1376,4762,1301
OS,64,16,256,3319,7898,-6818
OS,64,16,512,5979,8768,-2042
OS,64,24,16,1463,1679,-8351
OS,64,24,64,2052,4790,-4846
OS,64,24,256,5581,7045,-1800
OS,64,24,512,10057,7819,6372
OS,64,32,16,1462,2241,713
OS,64,32,64,2051,6390,6866
OS,64,32,256,5432,9651,-5306
OS,64,32,512,9662,10852,4790
OS,64,64,16,2251,2911,-6506
OS,64,64,64,3914,6697,-4371
OS,64,64,256,9778,10723,6900
OS,64,64,512,17232,12170,27
OS,64,128,16,4569,2868,-23225
OS,64,128,64,7422,7063,9189
OS,64,128,256,18337,11436,19342
OS,64,128,512,32230,13013,-10848
OS,64,256,16,9181,2855,-25555
OS,64,256,64,14517,7223,-1153
OS,64,256,256,35481,11821,-16963
OS,64,256,512,62812,13355,-25097
OS,128,8,16,1684,972,3256
OS,128,8,64,2297,2853,-5357
OS,128,8,256,6149,4263,-4292
OS,128,8,512,11189,4685,2946
OS,128,16,16,1675,1956,9251
OS,128,16,64,2296,5708,4513
OS,128,16,256,6315,8302,-10900
OS,128,16,512,11406,9193,-875
OS,128,24,16,2506,1961,-11231
OS,128,24,64,3873,5076,-5820
OS,128,24,256,10352,7596,6054
OS,128,24,512,18574,8468,3564
OS,128,32,16,2491,2630,8802
OS,128,32,64,4034,6498,14570
OS,128,32,256,10308,10172,-7309
OS,128,32,512,18327,11442,1979
OS,128,64,16,4827,2715,2198
OS,128,64,64,7600,6898,-7436
OS,128,64,256,18542,11310,16143
OS,128,64,512,32406,12942,-3854
OS,128,128,16,9410,2785,-39398
OS,128,128,64,14393,7285,-3971
OS,128,128,256,34592,12125,29320
OS,128,128,512,60624,13837,-15860
OS,128,256,16,18752,2795,-31390
OS,128,256,64,28660,7317,13326
OS,128,256,256,69539,12063,-39864
OS,128,256,512,123216,13616,-28590
